{
	"id": "ffb2a98d-93ce-47aa-97a3-4ec119076c58",
	"name": "Kami Ada",
	"values": [
		{
			"key": "iduserkad",
			"value": "",
			"type": "default",
			"enabled": true
		},
		{
			"key": "idservicekad",
			"value": "",
			"type": "default",
			"enabled": true
		},
		{
			"key": "categorykad",
			"value": "",
			"type": "default",
			"enabled": true
		},
		{
			"key": "authuserkad",
			"value": "",
			"type": "default",
			"enabled": true
		}
	],
	"_postman_variable_scope": "environment",
	"_postman_exported_at": "2023-09-29T05:38:12.269Z",
	"_postman_exported_using": "Postman/10.18.9"
}