{
	"info": {
		"_postman_id": "2f3ac36c-df78-47c4-8d6f-da9932325e85",
		"name": "KamiAda",
		"schema": "https://schema.getpostman.com/json/collection/v2.1.0/collection.json",
		"_exporter_id": "12992878"
	},
	"item": [
		{
			"name": "Localhost",
			"item": [
				{
					"name": "RegisterUserKamiAda",
					"request": {
						"method": "POST",
						"header": [],
						"body": {
							"mode": "raw",
							"raw": "{\r\n\t\"avataruser\": \"vbhvbhdfv\",\r\n\t\"username\": \"wilson\",\r\n    \"completename\": \"wilsonoey\",\r\n    \"phoneuser\": 724874294823,\r\n    \"emailuser\": \"wilson1@gmail.com\",\t\r\n\t\"roleuser\": \"Admin\",\r\n\t\"statususer\": \"Active\", \t\r\n    \"passworduser\": \"Indonesia\"\r\n}",
							"options": {
								"raw": {
									"language": "json"
								}
							}
						},
						"url": {
							"raw": "http://localhost:5000/user/register",
							"protocol": "http",
							"host": [
								"localhost"
							],
							"port": "5000",
							"path": [
								"user",
								"register"
							],
							"query": [
								{
									"key": "password",
									"value": "test",
									"disabled": true
								},
								{
									"key": "role",
									"value": "admin",
									"disabled": true
								}
							]
						}
					},
					"response": []
				},
				{
					"name": "LoginUserKamiAda",
					"request": {
						"method": "POST",
						"header": [],
						"body": {
							"mode": "raw",
							"raw": "{\r\n    \"emailuser\": \"wilson1@gmail.com\",\t\r\n    \"passworduser\": \"Indonesia\"\r\n}",
							"options": {
								"raw": {
									"language": "json"
								}
							}
						},
						"url": {
							"raw": "http://localhost:5000/user/login",
							"protocol": "http",
							"host": [
								"localhost"
							],
							"port": "5000",
							"path": [
								"user",
								"login"
							]
						}
					},
					"response": []
				},
				{
					"name": "GetAllUsersKamiAda",
					"request": {
						"method": "GET",
						"header": [],
						"url": {
							"raw": "http://localhost:5000/user",
							"protocol": "http",
							"host": [
								"localhost"
							],
							"port": "5000",
							"path": [
								"user"
							]
						}
					},
					"response": []
				},
				{
					"name": "GetUserbyIdKamiAda",
					"request": {
						"method": "GET",
						"header": [],
						"url": {
							"raw": "http://localhost:5000/user/{{iduserkad}}",
							"protocol": "http",
							"host": [
								"localhost"
							],
							"port": "5000",
							"path": [
								"user",
								"{{iduserkad}}"
							]
						}
					},
					"response": []
				},
				{
					"name": "EditUserKamiAda",
					"request": {
						"auth": {
							"type": "bearer",
							"bearer": [
								{
									"key": "token",
									"value": "{{authuserkad}}",
									"type": "string"
								}
							]
						},
						"method": "PUT",
						"header": [],
						"body": {
							"mode": "raw",
							"raw": "{\r\n\t\"avataruser\": \"verfe\",\r\n\t\"username\": \"wilson_oey\",\r\n    \"completename\": \"Wilson Jonathan Oey\",\r\n    \"phoneuser\": 724874294182322,\r\n    \"emailuser\": \"wilson11@gmail.com\",\t\r\n\t\"roleuser\": \"Admin\",\r\n\t\"statususer\": \"Active\", \t\r\n    \"passworduser\": \"Indonesia\"\r\n}",
							"options": {
								"raw": {
									"language": "json"
								}
							}
						},
						"url": {
							"raw": "http://localhost:5000/user/{{iduserkad}}",
							"protocol": "http",
							"host": [
								"localhost"
							],
							"port": "5000",
							"path": [
								"user",
								"{{iduserkad}}"
							]
						}
					},
					"response": []
				},
				{
					"name": "HalfEditUserKamiAda",
					"request": {
						"auth": {
							"type": "bearer",
							"bearer": [
								{
									"key": "token",
									"value": "{{authuserkad}}",
									"type": "string"
								}
							]
						},
						"method": "PUT",
						"header": [],
						"body": {
							"mode": "raw",
							"raw": "{\r\n    \"completename\": \"Wilson Jonathan Oey\",\r\n    \"phoneuser\": 72487429413482322,\r\n    \"emailuser\": \"wilson111@gmail.com\",\t\t\r\n    \"passworduser\": \"Indonesia1\"\r\n}",
							"options": {
								"raw": {
									"language": "json"
								}
							}
						},
						"url": {
							"raw": "http://localhost:5000/user/{{iduserkad}}",
							"protocol": "http",
							"host": [
								"localhost"
							],
							"port": "5000",
							"path": [
								"user",
								"{{iduserkad}}"
							]
						}
					},
					"response": []
				},
				{
					"name": "DeleteUserKamiAda",
					"request": {
						"auth": {
							"type": "bearer",
							"bearer": [
								{
									"key": "token",
									"value": "{{authuserkad}}",
									"type": "string"
								}
							]
						},
						"method": "DELETE",
						"header": [],
						"url": {
							"raw": "http://localhost:5000/user/{{iduserkad}}",
							"protocol": "http",
							"host": [
								"localhost"
							],
							"port": "5000",
							"path": [
								"user",
								"{{iduserkad}}"
							]
						}
					},
					"response": []
				},
				{
					"name": "AddServicebyUserKamiAda",
					"request": {
						"auth": {
							"type": "bearer",
							"bearer": [
								{
									"key": "token",
									"value": "{{authuserkad}}",
									"type": "string"
								}
							]
						},
						"method": "POST",
						"header": [],
						"body": {
							"mode": "raw",
							"raw": "{\r\n    \"nameservice\": \"Jasa Penataan Rumah\",\r\n    \"avatarservice\": \"https://d17ivq9b7rppb3.cloudfront.net/small/avatar/2020102114351257b989b1365010d37943fb517e2fbe2a.png\",\r\n    \"descriptionservice\": \"Perbaiki penataan rumah tanpa mengubah arsitektur bangunan.\",\r\n    \"categoryservice\": \"Utilitas\",\r\n    \"areaservice\": \"Kota Makassar\",\r\n    \"contactservice\": \"04535025830582802\"\r\n}",
							"options": {
								"raw": {
									"language": "json"
								}
							}
						},
						"url": {
							"raw": "http://localhost:5000/user/{{iduserkad}}/service/add",
							"protocol": "http",
							"host": [
								"localhost"
							],
							"port": "5000",
							"path": [
								"user",
								"{{iduserkad}}",
								"service",
								"add"
							]
						}
					},
					"response": []
				},
				{
					"name": "AllServicesKamiAda",
					"request": {
						"method": "GET",
						"header": [],
						"url": {
							"raw": "http://localhost:5000/service",
							"protocol": "http",
							"host": [
								"localhost"
							],
							"port": "5000",
							"path": [
								"service"
							]
						}
					},
					"response": []
				},
				{
					"name": "AllServicesbyIdKamiAda",
					"request": {
						"method": "GET",
						"header": [],
						"url": {
							"raw": "http://localhost:5000/user/{{iduserkad}}/service",
							"protocol": "http",
							"host": [
								"localhost"
							],
							"port": "5000",
							"path": [
								"user",
								"{{iduserkad}}",
								"service"
							]
						}
					},
					"response": []
				},
				{
					"name": "ServicebyIdUserThenIdServiceKamiAda",
					"request": {
						"method": "GET",
						"header": [],
						"url": {
							"raw": "http://localhost:5000/user/{{iduserkad}}/service/{{idservicekad}}",
							"protocol": "http",
							"host": [
								"localhost"
							],
							"port": "5000",
							"path": [
								"user",
								"{{iduserkad}}",
								"service",
								"{{idservicekad}}"
							]
						}
					},
					"response": []
				},
				{
					"name": "ServicebyIdServiceKamiAda",
					"request": {
						"method": "GET",
						"header": [],
						"url": {
							"raw": "http://localhost:5000/service/{{idservicekad}}",
							"protocol": "http",
							"host": [
								"localhost"
							],
							"port": "5000",
							"path": [
								"service",
								"{{idservicekad}}"
							]
						}
					},
					"response": []
				},
				{
					"name": "ServicebyCategoryKamiAda",
					"request": {
						"method": "GET",
						"header": [],
						"url": {
							"raw": "http://localhost:5000/service/category/{{categorykad}}",
							"protocol": "http",
							"host": [
								"localhost"
							],
							"port": "5000",
							"path": [
								"service",
								"category",
								"{{categorykad}}"
							]
						}
					},
					"response": []
				},
				{
					"name": "EditServicebyUserKamiAda",
					"request": {
						"auth": {
							"type": "bearer",
							"bearer": [
								{
									"key": "token",
									"value": "{{authuserkad}}",
									"type": "string"
								}
							]
						},
						"method": "PUT",
						"header": [],
						"body": {
							"mode": "raw",
							"raw": "{\r\n    \"nameservice\": \"Jasa Servis AC\",\r\n    \"avatarservice\": \"https://d17ivq9b7rppb3.cloudfront.net/small/avatar/2023102114351257b989b2365010d37943fb517e2fbe2a.png\",\r\n    \"descriptionservice\": \"Perbaiki AC\",\r\n    \"categoryservice\": \"Servis Elektronik\",\r\n    \"areaservice\": \"Kota Surabaya\",\r\n    \"contactservice\": \"045343422482802\"\r\n}",
							"options": {
								"raw": {
									"language": "json"
								}
							}
						},
						"url": {
							"raw": "http://localhost:5000/user/{{iduserkad}}/service/{{idservicekad}}",
							"protocol": "http",
							"host": [
								"localhost"
							],
							"port": "5000",
							"path": [
								"user",
								"{{iduserkad}}",
								"service",
								"{{idservicekad}}"
							]
						}
					},
					"response": []
				},
				{
					"name": "HalfEditServicebyUserKamiAda",
					"request": {
						"auth": {
							"type": "bearer",
							"bearer": [
								{
									"key": "token",
									"value": "{{authuserkad}}",
									"type": "string"
								}
							]
						},
						"method": "PUT",
						"header": [],
						"body": {
							"mode": "raw",
							"raw": "{\r\n    \"nameservice\": \"Jasa Servis Mesin Cuci\",\r\n    \"avatarservice\": \"https://d17ivq9b7rppb3.cloudfront.net/small/avatar/2023103333333389b2365010d37943fb517e2fbe2a.png\"\r\n}",
							"options": {
								"raw": {
									"language": "json"
								}
							}
						},
						"url": {
							"raw": "http://localhost:5000/user/{{iduserkad}}/service/{{idservicekad}}",
							"protocol": "http",
							"host": [
								"localhost"
							],
							"port": "5000",
							"path": [
								"user",
								"{{iduserkad}}",
								"service",
								"{{idservicekad}}"
							]
						}
					},
					"response": []
				},
				{
					"name": "DeleteServicebyUserKamiAda",
					"request": {
						"auth": {
							"type": "bearer",
							"bearer": [
								{
									"key": "token",
									"value": "{{authuserkad}}",
									"type": "string"
								}
							]
						},
						"method": "DELETE",
						"header": [],
						"url": {
							"raw": "http://localhost:5000/user/{{iduserkad}}/service/{{idservicekad}}",
							"protocol": "http",
							"host": [
								"localhost"
							],
							"port": "5000",
							"path": [
								"user",
								"{{iduserkad}}",
								"service",
								"{{idservicekad}}"
							]
						}
					},
					"response": []
				}
			]
		}
	]
}