{
	"info": {
		"_postman_id": "2f3ac36c-df78-47c4-8d6f-da9932325e85",
		"name": "KamiAda",
		"schema": "https://schema.getpostman.com/json/collection/v2.1.0/collection.json",
		"_exporter_id": "12992878"
	},
	"item": [
		{
			"name": "Localhost",
			"item": [
				{
					"name": "RegisterUserKamiAda",
					"event": [
						{
							"listen": "test",
							"script": {
								"exec": [
									"pm.test('it should response 201 status code', () => {\r",
									"    pm.expect(pm.response).to.have.status(201);\r",
									"});\r",
									"\r",
									"pm.test('response Content-Type header should have application/json value', () => {\r",
									"    pm.expect(pm.response.headers.get('Content-Type')).to.includes('application/json');\r",
									"}); \r",
									"\r",
									"pm.test('response body should an object', () => {\r",
									"    const responseJson = pm.response.json();\r",
									"    pm.expect(responseJson).to.be.an('object');\r",
									"});\r",
									"\r",
									"pm.test('response body have correct property and value', () => {\r",
									"    const responseJson = pm.response.json();\r",
									"    pm.expect(responseJson.statusCode).to.equal(201);\r",
									"    pm.expect(responseJson.status).to.equal('success');\r",
									"    pm.expect(responseJson.message).to.be.a('string');\r",
									"    pm.environment.set('iduserkad', responseJson.message.split(' ').pop());\r",
									"});"
								],
								"type": "text/javascript"
							}
						}
					],
					"request": {
						"method": "POST",
						"header": [],
						"body": {
							"mode": "raw",
							"raw": "{\r\n\t\"avataruser\": \"vbhvbhdfv\",\r\n\t\"username\": \"wilson_j_oey\",\r\n    \"completename\": \"wilsonoey\",\r\n    \"phoneuser\": 7248222322322,\r\n    \"emailuser\": \"wilson_oey@gmail.com\",\t\r\n\t\"roleuser\": \"Admin\",\r\n\t\"statususer\": \"Active\", \t\r\n    \"passworduser\": \"Indonesia\"\r\n}",
							"options": {
								"raw": {
									"language": "json"
								}
							}
						},
						"url": {
							"raw": "http://localhost:5000/user/register",
							"protocol": "http",
							"host": [
								"localhost"
							],
							"port": "5000",
							"path": [
								"user",
								"register"
							]
						}
					},
					"response": []
				},
				{
					"name": "LoginUserKamiAda",
					"event": [
						{
							"listen": "test",
							"script": {
								"exec": [
									"pm.test('it should response 201 status code', () => {\r",
									"    pm.expect(pm.response).to.have.status(201);\r",
									"});\r",
									"\r",
									"pm.test('response Content-Type header should have application/json value', () => {\r",
									"    pm.expect(pm.response.headers.get('Content-Type')).to.includes('application/json');\r",
									"}); \r",
									"\r",
									"pm.test('response body should an object', () => {\r",
									"    const responseJson = pm.response.json();\r",
									"    pm.expect(responseJson).to.be.an('object');\r",
									"});\r",
									"\r",
									"pm.test('response body have correct property and value', () => {\r",
									"    const responseJson = pm.response.json();\r",
									"    pm.expect(responseJson.statusCode).to.equal(201);\r",
									"    pm.expect(responseJson.status).to.equal('success');\r",
									"    pm.expect(responseJson.data).to.be.an('object');\r",
									"    pm.expect(responseJson.data.accessToken).to.be.a('string');\r",
									"    pm.expect(responseJson.data.refreshToken).to.be.a('string');\r",
									"    pm.environment.set('authuserkad', responseJson.data.accessToken);\r",
									"    pm.environment.set('refreshauthuserkad', responseJson.data.refreshToken);\r",
									"});"
								],
								"type": "text/javascript"
							}
						}
					],
					"request": {
						"method": "POST",
						"header": [],
						"body": {
							"mode": "raw",
							"raw": "{\r\n    \"emailuser\": \"wilson_oey@gmail.com\",\t\r\n    \"passworduser\": \"Indonesia\"\r\n}",
							"options": {
								"raw": {
									"language": "json"
								}
							}
						},
						"url": {
							"raw": "http://localhost:5000/user/login",
							"protocol": "http",
							"host": [
								"localhost"
							],
							"port": "5000",
							"path": [
								"user",
								"login"
							]
						}
					},
					"response": []
				},
				{
					"name": "GetAllUsersKamiAda",
					"event": [
						{
							"listen": "test",
							"script": {
								"exec": [
									"pm.test('it should response 200 status code', () => {\r",
									"    pm.response.to.have.status(200);\r",
									"});\r",
									"\r",
									"pm.test('response Content-Type header should have application/json value', () => {\r",
									"    pm.expect(pm.response.headers.get('Content-Type')).to.include('application/json');\r",
									"}); \r",
									"\r",
									"pm.test('response body should be an object', () => {\r",
									"    const responseJson = pm.response.json();\r",
									"    pm.expect(responseJson).to.be.an('object');\r",
									"});\r",
									"\r",
									"pm.test('response body should have correct property and value', () => {\r",
									"    const responseJson = pm.response.json();\r",
									"    pm.expect(responseJson.statusCode).to.equal(200);\r",
									"    pm.expect(responseJson.status).to.equal('success');\r",
									"    pm.expect(responseJson.data).to.be.an('array');\r",
									"    pm.expect(responseJson.data).to.have.lengthOf.at.least(1);\r",
									"\r",
									"    const users = responseJson.data;\r",
									"    users.forEach(user => {\r",
									"        pm.expect(user).to.have.property('iduser');\r",
									"        pm.expect(user).to.have.property('avataruser');\r",
									"        pm.expect(user).to.have.property('username');\r",
									"        pm.expect(user).to.have.property('completename');\r",
									"        pm.expect(user).to.have.property('phoneuser');\r",
									"        pm.expect(user).to.have.property('emailuser');\r",
									"        pm.expect(user).to.have.property('roleuser');\r",
									"        pm.expect(user).to.have.property('statususer');\r",
									"        pm.expect(user).to.have.property('passworduser');\r",
									"        pm.expect(user).to.have.property('createdatuser');\r",
									"        pm.expect(user).to.have.property('updatedatuser');\r",
									"    });\r",
									"});"
								],
								"type": "text/javascript"
							}
						}
					],
					"request": {
						"method": "GET",
						"header": [],
						"url": {
							"raw": "http://localhost:5000/user",
							"protocol": "http",
							"host": [
								"localhost"
							],
							"port": "5000",
							"path": [
								"user"
							]
						}
					},
					"response": []
				},
				{
					"name": "GetUserbyIdKamiAda",
					"event": [
						{
							"listen": "test",
							"script": {
								"exec": [
									"pm.test('it should response 200 status code', () => {\r",
									"    pm.expect(pm.response).to.have.status(200);\r",
									"});\r",
									"\r",
									"pm.test('response Content-Type header should have application/json value', () => {\r",
									"    pm.expect(pm.response.headers.get('Content-Type')).to.includes('application/json');\r",
									"}); \r",
									"\r",
									"pm.test('response body should an object', () => {\r",
									"    const responseJson = pm.response.json();\r",
									"    pm.expect(responseJson).to.be.an('object');\r",
									"});\r",
									"\r",
									"pm.test('response body should have correct property and value', () => {\r",
									"    const userId = pm.environment.get('iduserkad');\r",
									"    const responseJson = pm.response.json();\r",
									"    pm.expect(responseJson.statusCode).to.equal(200);\r",
									"    pm.expect(responseJson.status).to.equal('success');\r",
									"    pm.expect(responseJson.data).to.be.a('object');\r",
									"    pm.expect(responseJson.data.iduser).to.equal(parseInt(userId));\r",
									"    pm.expect(responseJson.data.avataruser).to.be.a('string');\r",
									"    pm.expect(responseJson.data.username).to.be.a('string');\r",
									"    pm.expect(responseJson.data.completename).to.be.a('string');\r",
									"    pm.expect(responseJson.data.phoneuser).to.be.a('number');\r",
									"    pm.expect(responseJson.data.emailuser).to.be.a('string');\r",
									"    pm.expect(responseJson.data.roleuser).to.be.a('string');\r",
									"    pm.expect(responseJson.data.statususer).to.be.a('string');\r",
									"    pm.expect(responseJson.data.passworduser).to.be.a('string');\r",
									"    pm.expect(responseJson.data.createdatuser).to.be.a('string');\r",
									"    pm.expect(responseJson.data.updatedatuser).to.be.a('string');\r",
									"});"
								],
								"type": "text/javascript"
							}
						}
					],
					"request": {
						"method": "GET",
						"header": [],
						"url": {
							"raw": "http://localhost:5000/user/{{iduserkad}}",
							"protocol": "http",
							"host": [
								"localhost"
							],
							"port": "5000",
							"path": [
								"user",
								"{{iduserkad}}"
							]
						}
					},
					"response": []
				},
				{
					"name": "EditUserKamiAda",
					"event": [
						{
							"listen": "test",
							"script": {
								"exec": [
									"pm.test('it should response 200 status code', () => {\r",
									"    pm.expect(pm.response).to.have.status(200);\r",
									"});\r",
									"\r",
									"pm.test('response Content-Type header should have application/json value', () => {\r",
									"    pm.expect(pm.response.headers.get('Content-Type')).to.includes('application/json');\r",
									"}); \r",
									"\r",
									"pm.test('response body should an object', () => {\r",
									"    const responseJson = pm.response.json();\r",
									"    pm.expect(responseJson).to.be.an('object');\r",
									"});\r",
									"\r",
									"pm.test('response body should have correct property and value', () => {\r",
									"    const responseJson = pm.response.json();\r",
									"    pm.expect(responseJson.statusCode).to.equal(200);\r",
									"    pm.expect(responseJson.status).to.equal('success');\r",
									"    pm.expect(responseJson.message).to.be.a('string');\r",
									"});\r",
									"\r",
									"pm.test('has the current response corresponding to the last input response', () => {\r",
									"    const iduser = pm.environment.get('iduserkad');\r",
									"    pm.sendRequest(`http://localhost:5000/user/${iduser}`, (error, response) => {\r",
									"        if (!error) {\r",
									"            pm.test('it should response with revised content', () => {\r",
									"                pm.expect(response.code).to.equal(200);\r",
									"\r",
									"                const responseJson = response.json();\r",
									"                pm.expect(responseJson.statusCode).to.equal(200);\r",
									"                pm.expect(responseJson.status).to.equal('success');\r",
									"                pm.expect(responseJson.data.iduser).to.equal(parseInt(iduser));\r",
									"                pm.expect(responseJson.data.avataruser).to.equal('https://d17ivq9b7rppb3.cloudfront.net/small/avatar/2020102114351257b989b1365010d37943fb517e2fbe2a.png');\r",
									"                pm.expect(responseJson.data.username).to.equal('wilson_oey_0');\r",
									"                pm.expect(responseJson.data.completename).to.equal('Wilson Jonathan Oey');\r",
									"                pm.expect(responseJson.data.phoneuser).to.equal(parseInt('72481236464747'));\r",
									"                pm.expect(responseJson.data.emailuser).to.equal('wilson_oey_0@gmail.com');\r",
									"                pm.expect(responseJson.data.roleuser).to.equal('Admin');\r",
									"                pm.expect(responseJson.data.statususer).to.equal('Active');\r",
									"            });\r",
									"        }\r",
									"    });\r",
									"});"
								],
								"type": "text/javascript"
							}
						}
					],
					"request": {
						"auth": {
							"type": "bearer",
							"bearer": [
								{
									"key": "token",
									"value": "{{authuserkad}}",
									"type": "string"
								}
							]
						},
						"method": "PUT",
						"header": [],
						"body": {
							"mode": "raw",
							"raw": "{\r\n\t\"avataruser\": \"https://d17ivq9b7rppb3.cloudfront.net/small/avatar/2020102114351257b989b1365010d37943fb517e2fbe2a.png\",\r\n\t\"username\": \"wilson_oey_0\",\r\n    \"completename\": \"Wilson Jonathan Oey\",\r\n    \"phoneuser\": 72481236464747,\r\n    \"emailuser\": \"wilson_oey_0@gmail.com\",\t\r\n\t\"roleuser\": \"Admin\",\r\n\t\"statususer\": \"Active\", \t\r\n    \"passworduser\": \"Indonesia\"\r\n}",
							"options": {
								"raw": {
									"language": "json"
								}
							}
						},
						"url": {
							"raw": "http://localhost:5000/user/{{iduserkad}}",
							"protocol": "http",
							"host": [
								"localhost"
							],
							"port": "5000",
							"path": [
								"user",
								"{{iduserkad}}"
							]
						}
					},
					"response": []
				},
				{
					"name": "HalfEditUserKamiAda",
					"event": [
						{
							"listen": "test",
							"script": {
								"exec": [
									"pm.test('it should response 200 status code', () => {\r",
									"    pm.expect(pm.response).to.have.status(200);\r",
									"});\r",
									"\r",
									"pm.test('response Content-Type header should have application/json value', () => {\r",
									"    pm.expect(pm.response.headers.get('Content-Type')).to.includes('application/json');\r",
									"}); \r",
									"\r",
									"pm.test('response body should an object', () => {\r",
									"    const responseJson = pm.response.json();\r",
									"    pm.expect(responseJson).to.be.an('object');\r",
									"});\r",
									"\r",
									"pm.test('response body should have correct property and value', () => {\r",
									"    const responseJson = pm.response.json();\r",
									"    pm.expect(responseJson.statusCode).to.equal(200);\r",
									"    pm.expect(responseJson.status).to.equal('success');\r",
									"    pm.expect(responseJson.message).to.be.a('string');\r",
									"});\r",
									"\r",
									"pm.test('has the current response corresponding to the last input response', () => {\r",
									"    const iduser = pm.environment.get('iduserkad');\r",
									"    pm.sendRequest(`http://localhost:5000/user/${iduser}`, (error, response) => {\r",
									"        if (!error) {\r",
									"            pm.test('it should response with revised content', () => {\r",
									"\r",
									"                const responseJson = response.json();\r",
									"                pm.expect(responseJson.statusCode).to.equal(200);\r",
									"                pm.expect(responseJson.status).to.equal('success');\r",
									"                pm.expect(responseJson.data.iduser).to.equal(parseInt(iduser));\r",
									"                pm.expect(responseJson.data.avataruser).to.equal('https://d17ivq9b7rppb3.cloudfront.net/small/avatar/2020102114351257b989b1365010d37943fb517e2fbe2a.png');\r",
									"                pm.expect(responseJson.data.username).to.equal('wilson_oey_0');\r",
									"                pm.expect(responseJson.data.completename).to.equal('Wilson Jonathan');\r",
									"                pm.expect(responseJson.data.phoneuser).to.equal(parseInt('72487429413482322'));\r",
									"                pm.expect(responseJson.data.emailuser).to.equal('wilson111@gmail.com');\r",
									"                pm.expect(responseJson.data.roleuser).to.equal('Admin');\r",
									"                pm.expect(responseJson.data.statususer).to.equal('Active');\r",
									"            });\r",
									"        }\r",
									"    });\r",
									"});\r",
									"\r",
									"pm.test('all JSON Object items must be filled in', () => {\r",
									"    const iduser = pm.environment.get('iduserkad');\r",
									"    pm.sendRequest(`http://localhost:5000/user/${iduser}`, (error, response) => {\r",
									"        if (!error) {\r",
									"            const responseJson = response.json();\r",
									"            pm.expect(responseJson.statusCode).to.equal(200);\r",
									"            pm.expect(responseJson.status).to.equal('success');\r",
									"            pm.expect(responseJson.data.iduser).to.not.be.null;\r",
									"            pm.expect(responseJson.data.avataruser).to.not.be.null;\r",
									"            pm.expect(responseJson.data.username).to.not.be.null;\r",
									"            pm.expect(responseJson.data.completename).to.not.be.null;\r",
									"            pm.expect(responseJson.data.phoneuser).to.not.be.null;\r",
									"            pm.expect(responseJson.data.emailuser).to.not.be.null;\r",
									"            pm.expect(responseJson.data.roleuser).to.not.be.null;\r",
									"            pm.expect(responseJson.data.statususer).to.not.be.null;\r",
									"            pm.expect(responseJson.data.passworduser).to.not.be.null;\r",
									"        }\r",
									"    });\r",
									"});"
								],
								"type": "text/javascript"
							}
						}
					],
					"request": {
						"auth": {
							"type": "bearer",
							"bearer": [
								{
									"key": "token",
									"value": "{{authuserkad}}",
									"type": "string"
								}
							]
						},
						"method": "PUT",
						"header": [],
						"body": {
							"mode": "raw",
							"raw": "{\r\n    \"completename\": \"Wilson Jonathan\",\r\n    \"phoneuser\": 72487429413482322,\r\n    \"emailuser\": \"wilson111@gmail.com\",\t\t\r\n    \"passworduser\": \"Indonesia1\"\r\n}",
							"options": {
								"raw": {
									"language": "json"
								}
							}
						},
						"url": {
							"raw": "http://localhost:5000/user/{{iduserkad}}",
							"protocol": "http",
							"host": [
								"localhost"
							],
							"port": "5000",
							"path": [
								"user",
								"{{iduserkad}}"
							]
						}
					},
					"response": []
				},
				{
					"name": "AddServicebyUserKamiAda",
					"request": {
						"auth": {
							"type": "bearer",
							"bearer": [
								{
									"key": "token",
									"value": "{{authuserkad}}",
									"type": "string"
								}
							]
						},
						"method": "POST",
						"header": [],
						"body": {
							"mode": "raw",
							"raw": "{\r\n    \"nameservice\": \"Jasa Penataan Rumah\",\r\n    \"avatarservice\": \"https://d17ivq9b7rppb3.cloudfront.net/small/avatar/2020102114351257b989b1365010d37943fb517e2fbe2a.png\",\r\n    \"descriptionservice\": \"Perbaiki penataan rumah tanpa mengubah arsitektur bangunan.\",\r\n    \"categoryservice\": \"Utilitas\",\r\n    \"areaservice\": \"Kota Makassar\",\r\n    \"contactservice\": \"04535025830582802\"\r\n}",
							"options": {
								"raw": {
									"language": "json"
								}
							}
						},
						"url": {
							"raw": "http://localhost:5000/user/{{iduserkad}}/service/add",
							"protocol": "http",
							"host": [
								"localhost"
							],
							"port": "5000",
							"path": [
								"user",
								"{{iduserkad}}",
								"service",
								"add"
							]
						}
					},
					"response": []
				},
				{
					"name": "AllServicesKamiAda",
					"request": {
						"method": "GET",
						"header": [],
						"url": {
							"raw": "http://localhost:5000/service",
							"protocol": "http",
							"host": [
								"localhost"
							],
							"port": "5000",
							"path": [
								"service"
							]
						}
					},
					"response": []
				},
				{
					"name": "AllServicesbyIdKamiAda",
					"request": {
						"method": "GET",
						"header": [],
						"url": {
							"raw": "http://localhost:5000/user/{{iduserkad}}/service",
							"protocol": "http",
							"host": [
								"localhost"
							],
							"port": "5000",
							"path": [
								"user",
								"{{iduserkad}}",
								"service"
							]
						}
					},
					"response": []
				},
				{
					"name": "ServicebyIdUserThenIdServiceKamiAda",
					"request": {
						"method": "GET",
						"header": [],
						"url": {
							"raw": "http://localhost:5000/user/{{iduserkad}}/service/{{idservicekad}}",
							"protocol": "http",
							"host": [
								"localhost"
							],
							"port": "5000",
							"path": [
								"user",
								"{{iduserkad}}",
								"service",
								"{{idservicekad}}"
							]
						}
					},
					"response": []
				},
				{
					"name": "ServicebyIdServiceKamiAda",
					"request": {
						"method": "GET",
						"header": [],
						"url": {
							"raw": "http://localhost:5000/service/{{idservicekad}}",
							"protocol": "http",
							"host": [
								"localhost"
							],
							"port": "5000",
							"path": [
								"service",
								"{{idservicekad}}"
							]
						}
					},
					"response": []
				},
				{
					"name": "ServicebyCategoryKamiAda",
					"request": {
						"method": "GET",
						"header": [],
						"url": {
							"raw": "http://localhost:5000/service/category/{{categorykad}}",
							"protocol": "http",
							"host": [
								"localhost"
							],
							"port": "5000",
							"path": [
								"service",
								"category",
								"{{categorykad}}"
							]
						}
					},
					"response": []
				},
				{
					"name": "EditServicebyUserKamiAda",
					"request": {
						"auth": {
							"type": "bearer",
							"bearer": [
								{
									"key": "token",
									"value": "{{authuserkad}}",
									"type": "string"
								}
							]
						},
						"method": "PUT",
						"header": [],
						"body": {
							"mode": "raw",
							"raw": "{\r\n    \"nameservice\": \"Jasa Servis AC\",\r\n    \"avatarservice\": \"https://d17ivq9b7rppb3.cloudfront.net/small/avatar/2023102114351257b989b2365010d37943fb517e2fbe2a.png\",\r\n    \"descriptionservice\": \"Perbaiki AC\",\r\n    \"categoryservice\": \"Servis Elektronik\",\r\n    \"areaservice\": \"Kota Surabaya\",\r\n    \"contactservice\": \"045343422482802\"\r\n}",
							"options": {
								"raw": {
									"language": "json"
								}
							}
						},
						"url": {
							"raw": "http://localhost:5000/user/{{iduserkad}}/service/{{idservicekad}}",
							"protocol": "http",
							"host": [
								"localhost"
							],
							"port": "5000",
							"path": [
								"user",
								"{{iduserkad}}",
								"service",
								"{{idservicekad}}"
							]
						}
					},
					"response": []
				},
				{
					"name": "HalfEditServicebyUserKamiAda",
					"request": {
						"auth": {
							"type": "bearer",
							"bearer": [
								{
									"key": "token",
									"value": "{{authuserkad}}",
									"type": "string"
								}
							]
						},
						"method": "PUT",
						"header": [],
						"body": {
							"mode": "raw",
							"raw": "{\r\n    \"nameservice\": \"Jasa Servis Mesin Cuci\",\r\n    \"avatarservice\": \"https://d17ivq9b7rppb3.cloudfront.net/small/avatar/2023103333333389b2365010d37943fb517e2fbe2a.png\"\r\n}",
							"options": {
								"raw": {
									"language": "json"
								}
							}
						},
						"url": {
							"raw": "http://localhost:5000/user/{{iduserkad}}/service/{{idservicekad}}",
							"protocol": "http",
							"host": [
								"localhost"
							],
							"port": "5000",
							"path": [
								"user",
								"{{iduserkad}}",
								"service",
								"{{idservicekad}}"
							]
						}
					},
					"response": []
				},
				{
					"name": "DeleteServicebyUserKamiAda",
					"request": {
						"auth": {
							"type": "bearer",
							"bearer": [
								{
									"key": "token",
									"value": "{{authuserkad}}",
									"type": "string"
								}
							]
						},
						"method": "DELETE",
						"header": [],
						"url": {
							"raw": "http://localhost:5000/user/{{iduserkad}}/service/{{idservicekad}}",
							"protocol": "http",
							"host": [
								"localhost"
							],
							"port": "5000",
							"path": [
								"user",
								"{{iduserkad}}",
								"service",
								"{{idservicekad}}"
							]
						}
					},
					"response": []
				},
				{
					"name": "DeleteUserKamiAda",
					"event": [
						{
							"listen": "test",
							"script": {
								"exec": [
									"pm.test('it should response 200 status code', () => {\r",
									"    pm.expect(pm.response).to.have.status(200);\r",
									"});\r",
									"\r",
									"pm.test('response Content-Type header should have application/json value', () => {\r",
									"    pm.expect(pm.response.headers.get('Content-Type')).to.includes('application/json');\r",
									"}); \r",
									"\r",
									"pm.test('response body should an object', () => {\r",
									"    const responseJson = pm.response.json();\r",
									"    pm.expect(responseJson).to.be.an('object');\r",
									"});\r",
									"\r",
									"pm.test('response body have correct property and value', () => {\r",
									"    const responseJson = pm.response.json();\r",
									"    pm.expect(responseJson.statusCode).to.equal(200);\r",
									"    pm.expect(responseJson.status).to.equal('success');\r",
									"    pm.expect(responseJson.message).to.be.a('string');\r",
									"});"
								],
								"type": "text/javascript"
							}
						}
					],
					"request": {
						"auth": {
							"type": "bearer",
							"bearer": [
								{
									"key": "token",
									"value": "{{authuserkad}}",
									"type": "string"
								}
							]
						},
						"method": "DELETE",
						"header": [],
						"url": {
							"raw": "http://localhost:5000/user/{{iduserkad}}",
							"protocol": "http",
							"host": [
								"localhost"
							],
							"port": "5000",
							"path": [
								"user",
								"{{iduserkad}}"
							]
						}
					},
					"response": []
				}
			]
		}
	]
}